Country/Region,Health admin,2020-02-24,2020-02-25,2020-02-26,2020-02-27,2020-02-28,2020-02-29,2020-03-01,2020-03-02,2020-03-03,2020-03-04,2020-03-05,2020-03-06,2020-03-07,2020-03-08,2020-03-09,2020-03-10,2020-03-11,2020-03-12,2020-03-13,2020-03-14,2020-03-15,2020-03-16,2020-03-17,2020-03-18,2020-03-19,2020-03-20,2020-03-21,2020-03-22,2020-03-23,2020-03-24,2020-03-25,2020-03-26,2020-03-27,2020-03-28,2020-03-29,2020-03-30,2020-03-31,2020-04-01,2020-04-02,2020-04-03,2020-04-04,2020-04-05,2020-04-06,2020-04-07,2020-04-08,2020-04-09,2020-04-10,2020-04-11,2020-04-12,2020-04-13,2020-04-14,2020-04-15,2020-04-16,2020-04-17,2020-04-18,2020-04-19,2020-04-20,2020-04-21,2020-04-22,2020-04-23,2020-04-24,2020-04-25,2020-04-26,2020-04-27,2020-04-28,2020-04-29,2020-04-30,2020-05-01,2020-05-02,2020-05-03,2020-05-04,2020-05-05,2020-05-06,2020-05-07,2020-05-08,2020-05-09,2020-05-10,2020-05-11,2020-05-12,2020-05-13,2020-05-14,2020-05-15,2020-05-16,2020-05-17,2020-05-18,2020-05-19,2020-05-20,2020-05-21,2020-05-22,2020-05-23,2020-05-24,2020-05-25,2020-05-26,2020-05-27,2020-05-28,2020-05-29,2020-05-30,2020-05-31,2020-06-01,2020-06-02,2020-06-03,2020-06-04,2020-06-05,2020-06-06,2020-06-07,2020-06-08,2020-06-09,2020-06-10,2020-06-11,2020-06-12,2020-06-13,2020-06-14,2020-06-15,2020-06-16,2020-06-17,2020-06-18,2020-06-19,2020-06-20,2020-06-21,2020-06-22,2020-06-23,2020-06-24,2020-06-25,2020-06-26,2020-06-27,2020-06-28,2020-06-29,2020-06-30,2020-07-01,2020-07-02,2020-07-03,2020-07-04,2020-07-05,2020-07-06,2020-07-07,2020-07-08,2020-07-09,2020-07-10,2020-07-11,2020-07-12,2020-07-13,2020-07-14,2020-07-15,2020-07-16,2020-07-17,2020-07-18,2020-07-19,2020-07-20,2020-07-21,2020-07-22,2020-07-23,2020-07-24,2020-07-25,2020-07-26,2020-07-27,2020-07-28,2020-07-29,2020-07-30,2020-07-31,2020-08-01,2020-08-02,2020-08-03,2020-08-04,2020-08-05,2020-08-06,2020-08-07,2020-08-08,2020-08-09,2020-08-10,2020-08-11,2020-08-12,2020-08-13,2020-08-14,2020-08-15,2020-08-16,2020-08-17,2020-08-18,2020-08-19,2020-08-20,2020-08-21,2020-08-22,2020-08-23,2020-08-24,2020-08-25,2020-08-26,2020-08-27,2020-08-28,2020-08-29,2020-08-30,2020-08-31,2020-09-01,2020-09-02,2020-09-03,2020-09-04,2020-09-05,2020-09-06,2020-09-07,2020-09-08,2020-09-09,2020-09-10,2020-09-11,2020-09-12,2020-09-13,2020-09-14,2020-09-15,2020-09-16,2020-09-17,2020-09-18,2020-09-19,2020-09-20,2020-09-21,2020-09-22,2020-09-23,2020-09-24,2020-09-25,2020-09-26,2020-09-27,2020-09-28,2020-09-29,2020-09-30,2020-10-01,2020-10-02,2020-10-03,2020-10-04,2020-10-05,2020-10-06,2020-10-07,2020-10-08,2020-10-09,2020-10-10,2020-10-11,2020-10-12,2020-10-13,2020-10-14,2020-10-15,2020-10-16,2020-10-17,2020-10-18,2020-10-19,2020-10-20,2020-10-21,2020-10-22,2020-10-23,2020-10-24,2020-10-25,2020-10-26,2020-10-27,2020-10-28,2020-10-29,2020-10-30,2020-10-31,2020-11-01,2020-11-02,2020-11-03,2020-11-04,2020-11-05,2020-11-06,2020-11-07,2020-11-08,2020-11-09,2020-11-10,2020-11-11,2020-11-12,2020-11-13,2020-11-14,2020-11-15,2020-11-16,2020-11-17,2020-11-18,2020-11-19,2020-11-20,2020-11-21,2020-11-22,2020-11-23,2020-11-24,2020-11-25,2020-11-26,2020-11-27,2020-11-28,2020-11-29,2020-11-30,2020-12-01,2020-12-02,2020-12-03,2020-12-04,2020-12-05,2020-12-06,2020-12-07,2020-12-08,2020-12-09,2020-12-10,2020-12-11,2020-12-12,2020-12-13,2020-12-14,2020-12-15,2020-12-16,2020-12-17,2020-12-18,2020-12-19,2020-12-20,2020-12-21,2020-12-22,2020-12-23,2020-12-24,2020-12-25,2020-12-26,2020-12-27,2020-12-28,2020-12-29,2020-12-30,2020-12-31,2021-01-01,2021-01-02,2021-01-03,2021-01-04,2021-01-05,2021-01-06,2021-01-07,2021-01-08,2021-01-09,2021-01-10,2021-01-11,2021-01-12,2021-01-13,2021-01-14,2021-01-15,2021-01-16,2021-01-17,2021-01-18,2021-01-19,2021-01-20,2021-01-21,2021-01-22,2021-01-23,2021-01-24,2021-01-25,2021-01-26,2021-01-27,2021-01-28,2021-01-29,2021-01-30,2021-01-31,2021-02-01,2021-02-02,2021-02-03,2021-02-04,2021-02-05,2021-02-06,2021-02-07,2021-02-08,2021-02-09,2021-02-10,2021-02-11,2021-02-12,2021-02-13,2021-02-14,2021-02-15,2021-02-16,2021-02-17,2021-02-18,2021-02-19,2021-02-20,2021-02-21,2021-02-22,2021-02-23,2021-02-24,2021-02-25,2021-02-26,2021-02-27,2021-02-28,2021-03-01,2021-03-02,2021-03-03,2021-03-04,2021-03-05,2021-03-06,2021-03-07,2021-03-08,2021-03-09,2021-03-10,2021-03-11,2021-03-12,2021-03-13,2021-03-14,2021-03-15,2021-03-16,2021-03-17,2021-03-18,2021-03-19,2021-03-20,2021-03-21,2021-03-22,2021-03-23,2021-03-24,2021-03-25,2021-03-26,2021-03-27,2021-03-28,2021-03-29,2021-03-30,2021-03-31,2021-04-01,2021-04-02,2021-04-03,2021-04-04,2021-04-05,2021-04-06,2021-04-07,2021-04-08,2021-04-09,2021-04-10,2021-04-11,2021-04-12,2021-04-13,2021-04-14,2021-04-15,2021-04-16,2021-04-17,2021-04-18,2021-04-19,2021-04-20,2021-04-21,2021-04-22,2021-04-23,2021-04-24,2021-04-25,2021-04-26,2021-04-27,2021-04-28,2021-04-29,2021-04-30,2021-05-01,2021-05-02,2021-05-03,2021-05-04
ANBAR,ANBAR,0.0,0.0,0.0,0.0,0.0,0.0,0.0,0.0,0.0,0.0,0.0,0.0,0.0,1.0,0.0,0.0,0.0,0.0,0.0,0.0,0.0,0.0,0.0,0.0,1.0,0.0,0.0,0.0,0.0,0.0,0.0,0.0,0.0,0.0,0.0,0.0,0.0,0.0,0.0,1.0,0.0,0.0,0.0,0.0,0.0,0.0,0.0,0.0,0.0,0.0,0.0,0.0,0.0,0.0,0.0,0.0,0.0,0.0,0.0,0.0,0.0,0.0,0.0,0.0,0.0,0.0,0.0,0.0,0.0,1.0,0.0,0.0,0.0,0.0,0.0,2.0,0.0,0.0,0.0,0.0,0.0,0.0,0.0,0.0,0.0,0.0,0.0,0.0,0.0,0.0,0.0,0.0,0.0,0.0,0.0,0.0,0.0,1.0,0.0,0.0,4.0,1.0,0.0,7.0,22.0,0.0,12.0,6.0,3.0,59.0,0.0,29.0,42.0,6.0,78.0,17.0,27.0,34.0,28.0,18.0,15.0,14.0,11.0,8.0,18.0,15.0,5.0,4.0,8.0,6.0,6.0,7.0,16.0,16.0,18.0,26.0,22.0,9.0,6.0,13.0,16.0,16.0,11.0,15.0,12.0,16.0,20.0,21.0,21.0,13.0,17.0,15.0,7.0,17.0,20.0,49.0,35.0,43.0,36.0,53.0,28.0,75.0,68.0,53.0,43.0,65.0,60.0,57.0,53.0,34.0,95.0,72.0,89.0,73.0,88.0,136.0,145.0,134.0,102.0,50.0,83.0,97.0,58.0,83.0,85.0,62.0,38.0,50.0,35.0,55.0,15.0,25.0,17.0,31.0,36.0,24.0,48.0,19.0,34.0,25.0,44.0,29.0,31.0,26.0,47.0,23.0,35.0,40.0,27.0,26.0,34.0,26.0,24.0,40.0,32.0,32.0,30.0,41.0,41.0,38.0,37.0,41.0,33.0,13.0,31.0,27.0,41.0,36.0,46.0,17.0,5.0,41.0,39.0,25.0,37.0,29.0,48.0,52.0,38.0,39.0,70.0,48.0,39.0,35.0,37.0,76.0,70.0,66.0,28.0,48.0,0.0,81.0,72.0,77.0,61.0,34.0,51.0,53.0,37.0,51.0,32.0,53.0,41.0,53.0,49.0,41.0,55.0,53.0,49.0,98.0,96.0,67.0,65.0,110.0,63.0,83.0,43.0,53.0,47.0,47.0,33.0,37.0,34.0,51.0,42.0,17.0,27.0,30.0,28.0,39.0,33.0,35.0,12.0,10.0,35.0,27.0,35.0,28.0,34.0,20.0,21.0,23.0,23.0,19.0,8.0,25.0,5.0,17.0,13.0,18.0,14.0,23.0,14.0,8.0,9.0,5.0,6.0,14.0,5.0,12.0,11.0,6.0,12.0,15.0,8.0,9.0,9.0,6.0,4.0,7.0,8.0,1.0,10.0,5.0,2.0,2.0,7.0,10.0,8.0,6.0,8.0,3.0,7.0,4.0,3.0,6.0,4.0,2.0,9.0,7.0,7.0,7.0,3.0,7.0,14.0,5.0,5.0,12.0,10.0,14.0,7.0,3.0,3.0,2.0,10.0,6.0,4.0,6.0,13.0,3.0,2.0,11.0,14.0,9.0,8.0,10.0,4.0,8.0,4.0,15.0,9.0,4.0,10.0,3.0,7.0,6.0,9.0,21.0,38.0,20.0,23.0,19.0,18.0,15.0,20.0,21.0,22.0,9.0,30.0,15.0,16.0,35.0,41.0,35.0,20.0,25.0,32.0,31.0,63.0,39.0,27.0,32.0,33.0,35.0,28.0,32.0,40.0,58.0,24.0,9.0,30.0,22.0,47.0,64.0,77.0,70.0,10.0,86.0,94.0,89.0,69.0,68.0,21.0,32.0,53.0,96.0
BABYLON,BABYLON,0.0,0.0,0.0,0.0,0.0,1.0,0.0,0.0,0.0,0.0,0.0,0.0,0.0,1.0,0.0,0.0,0.0,0.0,0.0,0.0,0.0,0.0,1.0,0.0,1.0,0.0,0.0,0.0,0.0,0.0,2.0,0.0,0.0,0.0,0.0,0.0,0.0,2.0,0.0,1.0,0.0,1.0,0.0,0.0,0.0,1.0,0.0,0.0,0.0,2.0,1.0,1.0,0.0,0.0,0.0,1.0,0.0,0.0,2.0,10.0,3.0,0.0,10.0,0.0,2.0,0.0,4.0,0.0,0.0,0.0,0.0,0.0,0.0,0.0,0.0,0.0,0.0,0.0,0.0,0.0,0.0,0.0,0.0,0.0,0.0,0.0,1.0,0.0,0.0,0.0,1.0,1.0,8.0,0.0,11.0,16.0,16.0,26.0,4.0,9.0,33.0,18.0,48.0,78.0,43.0,31.0,52.0,73.0,26.0,17.0,0.0,10.0,23.0,60.0,45.0,52.0,154.0,54.0,11.0,40.0,45.0,86.0,70.0,77.0,62.0,104.0,82.0,30.0,131.0,62.0,195.0,78.0,47.0,67.0,172.0,43.0,93.0,91.0,195.0,200.0,159.0,107.0,174.0,179.0,200.0,250.0,190.0,102.0,126.0,138.0,154.0,140.0,155.0,198.0,170.0,161.0,159.0,183.0,208.0,111.0,211.0,159.0,194.0,189.0,194.0,115.0,241.0,124.0,142.0,124.0,58.0,105.0,245.0,214.0,121.0,319.0,135.0,210.0,150.0,130.0,88.0,48.0,70.0,133.0,163.0,133.0,201.0,150.0,53.0,146.0,59.0,122.0,113.0,90.0,65.0,70.0,63.0,73.0,97.0,145.0,80.0,95.0,115.0,116.0,126.0,134.0,113.0,167.0,116.0,67.0,91.0,131.0,67.0,116.0,173.0,136.0,120.0,185.0,163.0,156.0,75.0,159.0,63.0,101.0,99.0,123.0,39.0,46.0,49.0,13.0,78.0,140.0,73.0,147.0,104.0,115.0,20.0,56.0,138.0,124.0,141.0,82.0,113.0,20.0,67.0,84.0,87.0,151.0,69.0,36.0,18.0,97.0,69.0,72.0,56.0,132.0,72.0,25.0,36.0,122.0,54.0,122.0,77.0,117.0,36.0,90.0,59.0,179.0,65.0,177.0,108.0,88.0,84.0,184.0,84.0,234.0,101.0,282.0,27.0,51.0,55.0,64.0,33.0,101.0,48.0,49.0,32.0,38.0,27.0,16.0,15.0,80.0,14.0,30.0,39.0,30.0,30.0,33.0,18.0,23.0,27.0,34.0,19.0,13.0,35.0,18.0,13.0,5.0,5.0,13.0,11.0,10.0,6.0,4.0,10.0,5.0,5.0,16.0,43.0,6.0,30.0,9.0,25.0,15.0,32.0,15.0,35.0,25.0,34.0,33.0,10.0,19.0,4.0,26.0,13.0,26.0,47.0,45.0,10.0,40.0,14.0,7.0,36.0,32.0,16.0,56.0,40.0,72.0,113.0,80.0,107.0,142.0,86.0,146.0,109.0,102.0,171.0,185.0,168.0,154.0,250.0,123.0,98.0,158.0,89.0,238.0,184.0,250.0,253.0,172.0,143.0,160.0,206.0,149.0,206.0,188.0,142.0,68.0,149.0,169.0,128.0,170.0,155.0,84.0,197.0,91.0,52.0,248.0,240.0,187.0,91.0,135.0,107.0,105.0,4.0,137.0,92.0,157.0,237.0,192.0,112.0,162.0,137.0,125.0,79.0,186.0,60.0,332.0,313.0,185.0,219.0,120.0,248.0,250.0,214.0,252.0,255.0,289.0,119.0,200.0,265.0,400.0,625.0,300.0,245.0,84.0,217.0,224.0,140.0,160.0,148.0,98.0,114.0,83.0,192.0,173.0
BAGHDAD-KARKH,BAGHDAD-KARKH,0.0,0.0,1.0,1.0,1.0,4.0,0.0,0.0,1.0,0.0,0.0,0.0,0.0,0.0,0.0,0.0,0.0,2.0,2.0,0.0,5.0,1.0,0.0,0.0,2.0,1.0,0.0,3.0,0.0,1.0,3.0,0.0,4.0,1.0,1.0,2.0,4.0,4.0,0.0,3.0,7.0,2.0,1.0,1.0,0.0,1.0,0.0,2.0,0.0,1.0,3.0,0.0,1.0,0.0,2.0,2.0,1.0,0.0,0.0,2.0,2.0,1.0,8.0,5.0,1.0,3.0,8.0,9.0,11.0,23.0,16.0,13.0,0.0,9.0,19.0,10.0,37.0,8.0,26.0,34.0,7.0,10.0,25.0,22.0,45.0,20.0,17.0,24.0,21.0,94.0,63.0,91.0,101.0,111.0,27.0,146.0,60.0,35.0,47.0,166.0,109.0,60.0,139.0,165.0,243.0,193.0,67.0,149.0,174.0,236.0,246.0,373.0,225.0,465.0,287.0,164.0,177.0,309.0,127.0,320.0,402.0,371.0,365.0,207.0,340.0,193.0,184.0,194.0,235.0,263.0,241.0,393.0,158.0,117.0,436.0,363.0,308.0,422.0,423.0,167.0,337.0,292.0,134.0,426.0,243.0,144.0,310.0,414.0,320.0,466.0,376.0,375.0,677.0,281.0,329.0,549.0,502.0,388.0,803.0,168.0,220.0,572.0,330.0,337.0,310.0,486.0,308.0,207.0,226.0,123.0,311.0,147.0,340.0,620.0,592.0,130.0,861.0,355.0,189.0,274.0,374.0,185.0,438.0,249.0,225.0,304.0,455.0,242.0,346.0,343.0,328.0,671.0,1115.0,855.0,720.0,522.0,575.0,733.0,642.0,592.0,597.0,585.0,314.0,678.0,784.0,715.0,597.0,877.0,683.0,419.0,826.0,937.0,953.0,866.0,814.0,716.0,309.0,662.0,961.0,1094.0,781.0,1075.0,714.0,455.0,773.0,898.0,698.0,866.0,797.0,309.0,281.0,883.0,1083.0,841.0,622.0,565.0,699.0,348.0,835.0,709.0,489.0,542.0,742.0,722.0,305.0,517.0,752.0,686.0,629.0,470.0,206.0,419.0,854.0,637.0,683.0,582.0,614.0,749.0,371.0,639.0,577.0,642.0,405.0,372.0,336.0,367.0,322.0,434.0,362.0,414.0,316.0,165.0,273.0,446.0,441.0,265.0,412.0,405.0,324.0,259.0,419.0,367.0,437.0,423.0,314.0,385.0,252.0,326.0,418.0,357.0,250.0,200.0,134.0,166.0,244.0,225.0,395.0,360.0,257.0,256.0,226.0,302.0,282.0,225.0,333.0,346.0,149.0,125.0,234.0,241.0,219.0,177.0,208.0,193.0,161.0,127.0,204.0,296.0,233.0,98.0,245.0,130.0,273.0,302.0,244.0,269.0,229.0,198.0,161.0,296.0,189.0,212.0,202.0,178.0,223.0,113.0,189.0,226.0,217.0,229.0,303.0,178.0,167.0,259.0,393.0,403.0,311.0,372.0,407.0,99.0,376.0,443.0,438.0,460.0,448.0,469.0,140.0,673.0,507.0,773.0,796.0,989.0,632.0,380.0,693.0,883.0,853.0,621.0,906.0,665.0,279.0,812.0,718.0,923.0,947.0,796.0,809.0,347.0,979.0,710.0,842.0,754.0,728.0,780.0,349.0,853.0,980.0,840.0,859.0,942.0,888.0,391.0,1009.0,444.0,1186.0,1011.0,1217.0,1011.0,537.0,1054.0,1053.0,932.0,1052.0,1048.0,819.0,633.0,1206.0,1089.0,1137.0,1162.0,1500.0,1256.0,855.0,1818.0,1641.0,1451.0,1329.0,1364.0,1106.0,729.0,1590.0,1659.0,1508.0,1325.0,1614.0,1204.0,791.0,1296.0,1389.0,1389.0,1493.0,1437.0,1150.0,617.0,900.0,1631.0
BAGHDAD-RESAFA,BAGHDAD-RESAFA,0.0,0.0,0.0,1.0,1.0,1.0,0.0,2.0,1.0,0.0,0.0,0.0,7.0,1.0,0.0,4.0,0.0,5.0,0.0,1.0,6.0,0.0,17.0,6.0,7.0,2.0,2.0,5.0,5.0,3.0,10.0,5.0,10.0,7.0,8.0,10.0,4.0,0.0,3.0,2.0,2.0,23.0,2.0,21.0,12.0,11.0,12.0,11.0,15.0,6.0,2.0,5.0,6.0,14.0,5.0,3.0,12.0,15.0,12.0,14.0,11.0,31.0,21.0,3.0,19.0,17.0,9.0,26.0,24.0,32.0,15.0,21.0,31.0,24.0,15.0,44.0,29.0,42.0,45.0,48.0,63.0,21.0,33.0,83.0,75.0,31.0,44.0,89.0,27.0,180.0,76.0,25.0,67.0,146.0,197.0,119.0,108.0,60.0,126.0,184.0,328.0,303.0,389.0,500.0,362.0,342.0,191.0,333.0,390.0,112.0,251.0,214.0,149.0,143.0,281.0,351.0,340.0,366.0,252.0,132.0,184.0,185.0,262.0,424.0,340.0,381.0,243.0,345.0,383.0,452.0,525.0,401.0,303.0,250.0,282.0,464.0,330.0,555.0,565.0,578.0,438.0,231.0,362.0,238.0,278.0,299.0,451.0,347.0,386.0,499.0,526.0,451.0,459.0,328.0,371.0,413.0,411.0,487.0,278.0,254.0,269.0,249.0,439.0,364.0,349.0,365.0,391.0,343.0,449.0,363.0,305.0,430.0,491.0,448.0,463.0,454.0,527.0,548.0,647.0,639.0,606.0,581.0,579.0,580.0,590.0,479.0,663.0,516.0,436.0,495.0,530.0,541.0,548.0,786.0,530.0,592.0,493.0,771.0,650.0,729.0,639.0,573.0,582.0,490.0,528.0,571.0,602.0,585.0,581.0,512.0,501.0,527.0,670.0,685.0,732.0,715.0,677.0,670.0,772.0,776.0,917.0,941.0,791.0,765.0,712.0,606.0,632.0,613.0,584.0,548.0,390.0,385.0,406.0,425.0,534.0,575.0,688.0,714.0,707.0,594.0,577.0,589.0,552.0,546.0,411.0,461.0,527.0,488.0,450.0,427.0,423.0,340.0,366.0,429.0,515.0,577.0,556.0,637.0,590.0,586.0,664.0,466.0,472.0,611.0,629.0,450.0,351.0,380.0,363.0,371.0,394.0,247.0,200.0,135.0,125.0,135.0,188.0,111.0,184.0,135.0,147.0,140.0,125.0,189.0,128.0,151.0,137.0,104.0,115.0,113.0,110.0,87.0,78.0,76.0,82.0,89.0,119.0,67.0,101.0,99.0,75.0,52.0,83.0,82.0,65.0,96.0,65.0,69.0,64.0,81.0,69.0,71.0,96.0,91.0,73.0,47.0,73.0,83.0,55.0,51.0,46.0,56.0,53.0,67.0,74.0,66.0,66.0,66.0,39.0,58.0,88.0,85.0,60.0,76.0,76.0,53.0,96.0,94.0,114.0,136.0,73.0,108.0,80.0,68.0,109.0,183.0,116.0,177.0,113.0,78.0,113.0,230.0,294.0,271.0,369.0,386.0,422.0,258.0,442.0,384.0,490.0,404.0,467.0,406.0,469.0,486.0,571.0,595.0,528.0,600.0,661.0,578.0,611.0,823.0,782.0,939.0,694.0,482.0,700.0,653.0,590.0,888.0,653.0,592.0,672.0,1297.0,949.0,1087.0,919.0,900.0,860.0,894.0,1084.0,925.0,1116.0,1390.0,1365.0,1188.0,1021.0,1018.0,978.0,1576.0,1099.0,1037.0,1050.0,939.0,1206.0,1545.0,2068.0,1994.0,1834.0,1577.0,1592.0,1234.0,1108.0,1099.0,1303.0,1400.0,1571.0,1209.0,1158.0,1186.0,1504.0,1915.0,1958.0,1950.0,1267.0,1000.0,899.0,956.0,1056.0,1017.0,941.0,854.0,777.0,829.0
BASRAH,BASRAH,0.0,0.0,0.0,0.0,0.0,0.0,0.0,0.0,0.0,0.0,0.0,0.0,0.0,0.0,0.0,0.0,0.0,0.0,0.0,0.0,0.0,0.0,1.0,0.0,2.0,2.0,2.0,1.0,2.0,11.0,1.0,6.0,35.0,5.0,10.0,11.0,4.0,9.0,6.0,3.0,9.0,10.0,8.0,6.0,7.0,9.0,5.0,9.0,15.0,6.0,10.0,3.0,1.0,17.0,15.0,17.0,12.0,11.0,6.0,7.0,2.0,12.0,8.0,1.0,39.0,50.0,28.0,17.0,17.0,8.0,14.0,19.0,11.0,25.0,12.0,17.0,8.0,1.0,18.0,32.0,33.0,13.0,1.0,4.0,7.0,4.0,24.0,15.0,2.0,6.0,5.0,3.0,3.0,3.0,3.0,15.0,29.0,24.0,22.0,25.0,41.0,28.0,96.0,149.0,121.0,55.0,62.0,62.0,23.0,24.0,38.0,51.0,70.0,76.0,4.0,101.0,97.0,152.0,83.0,114.0,138.0,242.0,276.0,110.0,116.0,221.0,218.0,248.0,173.0,149.0,221.0,110.0,137.0,122.0,137.0,254.0,131.0,122.0,121.0,164.0,173.0,153.0,165.0,215.0,202.0,164.0,172.0,164.0,134.0,230.0,192.0,258.0,251.0,390.0,303.0,234.0,334.0,478.0,350.0,295.0,472.0,232.0,207.0,301.0,273.0,418.0,297.0,243.0,449.0,426.0,577.0,383.0,357.0,462.0,485.0,228.0,498.0,492.0,467.0,583.0,335.0,330.0,365.0,392.0,320.0,254.0,338.0,277.0,395.0,319.0,200.0,157.0,322.0,349.0,423.0,149.0,239.0,359.0,399.0,319.0,454.0,383.0,356.0,302.0,251.0,496.0,382.0,302.0,408.0,432.0,203.0,389.0,327.0,398.0,417.0,464.0,229.0,180.0,372.0,214.0,295.0,358.0,264.0,106.0,204.0,150.0,175.0,115.0,135.0,32.0,35.0,103.0,157.0,256.0,202.0,146.0,110.0,205.0,168.0,190.0,208.0,188.0,157.0,132.0,43.0,86.0,201.0,155.0,162.0,168.0,108.0,46.0,88.0,81.0,164.0,122.0,127.0,99.0,137.0,46.0,114.0,116.0,95.0,66.0,50.0,75.0,54.0,103.0,56.0,35.0,36.0,35.0,30.0,36.0,41.0,55.0,88.0,52.0,87.0,63.0,48.0,87.0,23.0,68.0,12.0,46.0,40.0,58.0,46.0,22.0,28.0,12.0,16.0,14.0,40.0,25.0,28.0,37.0,27.0,18.0,26.0,22.0,19.0,11.0,42.0,15.0,20.0,25.0,24.0,14.0,18.0,14.0,17.0,22.0,9.0,16.0,10.0,19.0,12.0,21.0,22.0,24.0,39.0,27.0,43.0,31.0,25.0,14.0,32.0,21.0,21.0,14.0,29.0,12.0,30.0,30.0,37.0,16.0,25.0,27.0,34.0,20.0,35.0,59.0,57.0,71.0,106.0,80.0,112.0,123.0,140.0,128.0,255.0,209.0,101.0,149.0,196.0,204.0,281.0,347.0,338.0,414.0,407.0,399.0,593.0,627.0,808.0,629.0,756.0,657.0,662.0,525.0,921.0,961.0,972.0,934.0,797.0,757.0,669.0,808.0,896.0,920.0,710.0,794.0,622.0,626.0,854.0,686.0,797.0,615.0,885.0,811.0,727.0,738.0,926.0,853.0,713.0,654.0,738.0,739.0,960.0,989.0,825.0,682.0,877.0,790.0,561.0,866.0,887.0,876.0,651.0,792.0,985.0,952.0,1038.0,1050.0,1101.0,647.0,896.0,717.0,877.0,980.0,962.0,1013.0,569.0,771.0,981.0,928.0,911.0,877.0,956.0,701.0,712.0,815.0,759.0,674.0
DAHUK,DAHUK,0.0,0.0,0.0,0.0,0.0,0.0,0.0,0.0,0.0,0.0,0.0,0.0,0.0,0.0,0.0,0.0,0.0,0.0,0.0,0.0,0.0,0.0,0.0,0.0,1.0,0.0,0.0,0.0,1.0,0.0,0.0,0.0,5.0,2.0,0.0,0.0,3.0,0.0,0.0,0.0,0.0,0.0,0.0,3.0,0.0,0.0,0.0,0.0,0.0,0.0,0.0,0.0,0.0,0.0,0.0,0.0,0.0,0.0,0.0,0.0,3.0,0.0,1.0,0.0,0.0,0.0,0.0,0.0,0.0,0.0,0.0,0.0,0.0,0.0,0.0,0.0,0.0,0.0,0.0,0.0,0.0,0.0,1.0,0.0,0.0,0.0,0.0,0.0,0.0,1.0,5.0,0.0,0.0,0.0,0.0,0.0,1.0,4.0,2.0,6.0,52.0,0.0,6.0,0.0,3.0,2.0,1.0,2.0,3.0,2.0,14.0,9.0,0.0,2.0,0.0,1.0,4.0,3.0,2.0,6.0,3.0,0.0,2.0,3.0,6.0,3.0,4.0,1.0,1.0,0.0,4.0,5.0,3.0,2.0,15.0,25.0,29.0,3.0,10.0,5.0,10.0,3.0,10.0,9.0,6.0,8.0,5.0,15.0,2.0,14.0,11.0,3.0,14.0,11.0,13.0,15.0,24.0,15.0,48.0,21.0,49.0,77.0,60.0,83.0,101.0,92.0,50.0,160.0,32.0,88.0,69.0,143.0,83.0,67.0,134.0,116.0,153.0,136.0,143.0,174.0,201.0,189.0,199.0,194.0,90.0,78.0,119.0,41.0,241.0,243.0,231.0,268.0,204.0,273.0,171.0,336.0,349.0,271.0,211.0,259.0,259.0,307.0,250.0,247.0,265.0,306.0,305.0,190.0,418.0,168.0,346.0,353.0,370.0,271.0,265.0,271.0,176.0,283.0,302.0,224.0,337.0,255.0,263.0,217.0,352.0,330.0,303.0,265.0,333.0,286.0,130.0,246.0,230.0,438.0,320.0,398.0,365.0,283.0,406.0,445.0,471.0,463.0,425.0,383.0,322.0,452.0,651.0,458.0,440.0,331.0,301.0,384.0,386.0,473.0,283.0,451.0,406.0,336.0,221.0,303.0,207.0,415.0,410.0,246.0,260.0,121.0,220.0,247.0,200.0,183.0,186.0,176.0,113.0,178.0,169.0,135.0,143.0,144.0,139.0,105.0,171.0,170.0,133.0,65.0,56.0,218.0,234.0,183.0,167.0,158.0,130.0,99.0,133.0,65.0,103.0,136.0,141.0,115.0,114.0,107.0,48.0,84.0,197.0,85.0,83.0,95.0,86.0,42.0,65.0,89.0,67.0,61.0,70.0,57.0,26.0,50.0,50.0,59.0,14.0,103.0,124.0,20.0,73.0,21.0,117.0,33.0,31.0,33.0,12.0,45.0,42.0,38.0,34.0,44.0,38.0,13.0,48.0,43.0,39.0,40.0,42.0,36.0,19.0,45.0,24.0,28.0,24.0,30.0,16.0,8.0,24.0,16.0,34.0,16.0,42.0,37.0,16.0,25.0,34.0,34.0,52.0,34.0,37.0,22.0,22.0,42.0,71.0,50.0,50.0,35.0,21.0,56.0,58.0,72.0,42.0,76.0,94.0,19.0,89.0,90.0,84.0,75.0,93.0,11.0,34.0,141.0,82.0,169.0,178.0,193.0,137.0,119.0,166.0,97.0,137.0,216.0,314.0,322.0,197.0,361.0,403.0,449.0,322.0,304.0,373.0,236.0,519.0,456.0,503.0,425.0,542.0,396.0,333.0,555.0,179.0,541.0,275.0,372.0,487.0,231.0,606.0,417.0,491.0,424.0,389.0,368.0,160.0,517.0,355.0,476.0,321.0,376.0,277.0,105.0,224.0,377.0
DIWANIYA,DIWANIYA,0.0,0.0,0.0,0.0,0.0,0.0,0.0,0.0,0.0,0.0,0.0,0.0,0.0,0.0,0.0,0.0,0.0,0.0,0.0,0.0,1.0,1.0,0.0,0.0,1.0,0.0,0.0,0.0,0.0,0.0,1.0,0.0,0.0,0.0,0.0,0.0,0.0,2.0,1.0,0.0,0.0,0.0,0.0,0.0,0.0,0.0,0.0,0.0,0.0,3.0,1.0,0.0,0.0,0.0,1.0,0.0,0.0,0.0,0.0,0.0,0.0,0.0,0.0,0.0,0.0,0.0,0.0,0.0,0.0,0.0,,,,,,,,,0.0,0.0,0.0,0.0,0.0,0.0,0.0,0.0,0.0,0.0,0.0,0.0,3.0,4.0,1.0,1.0,2.0,1.0,0.0,9.0,8.0,0.0,7.0,6.0,24.0,17.0,40.0,3.0,34.0,0.0,94.0,74.0,24.0,9.0,0.0,19.0,115.0,69.0,64.0,81.0,114.0,115.0,125.0,81.0,228.0,140.0,99.0,86.0,138.0,65.0,185.0,98.0,92.0,127.0,159.0,111.0,49.0,126.0,145.0,91.0,60.0,84.0,111.0,85.0,68.0,66.0,97.0,68.0,86.0,88.0,43.0,86.0,92.0,71.0,60.0,96.0,129.0,93.0,118.0,105.0,123.0,94.0,5.0,105.0,97.0,107.0,93.0,117.0,110.0,78.0,114.0,113.0,54.0,88.0,116.0,126.0,185.0,56.0,123.0,130.0,97.0,110.0,238.0,125.0,79.0,141.0,192.0,151.0,121.0,135.0,163.0,202.0,210.0,194.0,188.0,239.0,270.0,111.0,195.0,195.0,203.0,333.0,61.0,157.0,276.0,202.0,216.0,234.0,226.0,206.0,185.0,207.0,89.0,199.0,263.0,275.0,218.0,300.0,303.0,191.0,175.0,114.0,122.0,90.0,58.0,56.0,38.0,101.0,85.0,78.0,59.0,14.0,47.0,32.0,49.0,68.0,87.0,38.0,23.0,58.0,21.0,57.0,56.0,81.0,44.0,33.0,28.0,22.0,37.0,60.0,51.0,31.0,47.0,7.0,38.0,43.0,31.0,42.0,46.0,29.0,29.0,65.0,60.0,77.0,49.0,31.0,64.0,4.0,80.0,46.0,26.0,36.0,10.0,23.0,13.0,29.0,35.0,26.0,30.0,23.0,28.0,16.0,43.0,24.0,27.0,27.0,10.0,16.0,12.0,17.0,26.0,39.0,49.0,18.0,19.0,27.0,63.0,104.0,61.0,29.0,28.0,21.0,42.0,21.0,17.0,13.0,12.0,14.0,20.0,5.0,4.0,15.0,13.0,6.0,10.0,4.0,4.0,3.0,7.0,2.0,11.0,9.0,5.0,3.0,24.0,10.0,10.0,29.0,12.0,13.0,12.0,25.0,49.0,40.0,42.0,14.0,18.0,15.0,15.0,24.0,29.0,21.0,29.0,21.0,17.0,21.0,26.0,46.0,43.0,61.0,52.0,27.0,92.0,104.0,125.0,120.0,191.0,86.0,144.0,164.0,232.0,196.0,140.0,209.0,99.0,151.0,246.0,160.0,160.0,97.0,181.0,130.0,175.0,230.0,280.0,241.0,275.0,347.0,92.0,182.0,147.0,247.0,213.0,131.0,255.0,155.0,171.0,205.0,294.0,262.0,227.0,167.0,159.0,183.0,78.0,260.0,223.0,241.0,210.0,103.0,199.0,188.0,158.0,194.0,171.0,302.0,69.0,145.0,193.0,192.0,240.0,174.0,139.0,191.0,148.0,171.0,215.0,156.0,301.0,155.0,210.0,164.0,261.0,237.0,238.0,208.0,113.0,149.0,132.0,200.0,168.0,181.0,136.0,151.0,77.0,59.0,116.0,119.0
DIYALA,DIYALA,0.0,0.0,0.0,0.0,0.0,0.0,1.0,0.0,0.0,2.0,0.0,0.0,0.0,0.0,0.0,0.0,0.0,0.0,0.0,0.0,1.0,0.0,0.0,0.0,0.0,0.0,0.0,1.0,0.0,1.0,0.0,0.0,0.0,0.0,1.0,0.0,2.0,0.0,0.0,0.0,2.0,4.0,0.0,1.0,0.0,2.0,0.0,0.0,0.0,0.0,0.0,0.0,0.0,0.0,0.0,0.0,0.0,0.0,0.0,0.0,0.0,0.0,0.0,0.0,0.0,0.0,0.0,0.0,0.0,0.0,0.0,0.0,0.0,0.0,1.0,0.0,1.0,0.0,5.0,1.0,0.0,0.0,0.0,0.0,2.0,0.0,0.0,9.0,4.0,3.0,1.0,0.0,2.0,4.0,0.0,13.0,4.0,2.0,4.0,5.0,8.0,10.0,3.0,7.0,1.0,18.0,26.0,14.0,70.0,21.0,39.0,32.0,44.0,62.0,63.0,40.0,44.0,63.0,95.0,42.0,39.0,89.0,81.0,56.0,77.0,103.0,57.0,75.0,68.0,74.0,31.0,28.0,65.0,61.0,62.0,60.0,86.0,91.0,67.0,51.0,85.0,42.0,74.0,99.0,84.0,99.0,58.0,65.0,82.0,59.0,33.0,88.0,84.0,109.0,77.0,101.0,138.0,99.0,116.0,138.0,108.0,99.0,89.0,54.0,103.0,68.0,106.0,65.0,101.0,107.0,86.0,65.0,108.0,67.0,95.0,137.0,147.0,193.0,80.0,108.0,173.0,148.0,144.0,104.0,91.0,67.0,92.0,113.0,75.0,128.0,78.0,88.0,69.0,85.0,107.0,91.0,48.0,135.0,132.0,125.0,73.0,90.0,134.0,67.0,46.0,59.0,50.0,51.0,49.0,70.0,63.0,89.0,68.0,0.0,140.0,169.0,252.0,173.0,116.0,195.0,176.0,150.0,139.0,156.0,125.0,181.0,158.0,162.0,150.0,159.0,127.0,149.0,116.0,145.0,159.0,186.0,310.0,58.0,166.0,172.0,69.0,149.0,158.0,241.0,119.0,159.0,154.0,186.0,207.0,107.0,98.0,45.0,103.0,168.0,171.0,144.0,147.0,172.0,119.0,109.0,193.0,84.0,147.0,128.0,81.0,97.0,213.0,243.0,204.0,158.0,171.0,95.0,117.0,104.0,131.0,111.0,175.0,167.0,62.0,76.0,135.0,270.0,115.0,120.0,131.0,105.0,89.0,99.0,87.0,82.0,100.0,49.0,97.0,57.0,97.0,85.0,102.0,95.0,88.0,76.0,25.0,97.0,90.0,90.0,82.0,79.0,56.0,65.0,102.0,99.0,99.0,75.0,64.0,34.0,57.0,43.0,63.0,37.0,41.0,35.0,53.0,23.0,24.0,26.0,34.0,17.0,76.0,20.0,38.0,31.0,92.0,26.0,51.0,28.0,44.0,320.0,42.0,38.0,46.0,27.0,69.0,50.0,31.0,64.0,38.0,36.0,36.0,45.0,58.0,60.0,82.0,46.0,58.0,53.0,65.0,38.0,85.0,36.0,112.0,80.0,44.0,63.0,53.0,44.0,31.0,53.0,60.0,78.0,50.0,69.0,41.0,119.0,85.0,161.0,113.0,177.0,82.0,171.0,58.0,121.0,144.0,147.0,146.0,144.0,91.0,122.0,144.0,222.0,141.0,206.0,167.0,82.0,165.0,94.0,226.0,138.0,223.0,215.0,193.0,194.0,234.0,126.0,247.0,247.0,254.0,108.0,330.0,429.0,327.0,216.0,426.0,379.0,263.0,263.0,449.0,514.0,647.0,723.0,388.0,351.0,694.0,527.0,588.0,487.0,550.0,460.0,436.0,324.0,553.0,439.0,389.0,486.0,325.0,229.0,223.0,322.0
ERBIL,ERBIL,0.0,0.0,0.0,0.0,0.0,0.0,0.0,0.0,0.0,0.0,0.0,2.0,0.0,1.0,1.0,1.0,4.0,0.0,0.0,0.0,0.0,0.0,0.0,0.0,0.0,0.0,1.0,12.0,0.0,6.0,2.0,3.0,4.0,8.0,0.0,10.0,1.0,6.0,2.0,3.0,7.0,18.0,41.0,5.0,20.0,1.0,9.0,0.0,1.0,0.0,0.0,0.0,0.0,0.0,0.0,0.0,0.0,0.0,0.0,0.0,0.0,0.0,1.0,7.0,11.0,0.0,13.0,1.0,6.0,0.0,0.0,1.0,3.0,0.0,0.0,0.0,0.0,0.0,0.0,0.0,0.0,0.0,0.0,0.0,0.0,0.0,8.0,8.0,5.0,1.0,8.0,3.0,8.0,2.0,21.0,0.0,5.0,0.0,0.0,1.0,6.0,4.0,12.0,29.0,39.0,15.0,44.0,60.0,11.0,61.0,20.0,36.0,37.0,32.0,30.0,29.0,47.0,40.0,19.0,63.0,34.0,70.0,41.0,30.0,50.0,56.0,40.0,85.0,58.0,80.0,73.0,39.0,25.0,31.0,137.0,186.0,57.0,106.0,70.0,104.0,85.0,70.0,40.0,73.0,24.0,72.0,37.0,124.0,162.0,98.0,69.0,101.0,101.0,76.0,74.0,93.0,139.0,177.0,230.0,195.0,202.0,207.0,244.0,218.0,218.0,244.0,259.0,285.0,278.0,398.0,389.0,323.0,411.0,443.0,297.0,213.0,214.0,157.0,181.0,219.0,214.0,194.0,127.0,343.0,264.0,220.0,208.0,195.0,138.0,169.0,189.0,164.0,267.0,160.0,201.0,121.0,281.0,199.0,193.0,194.0,142.0,156.0,193.0,216.0,164.0,208.0,206.0,254.0,72.0,133.0,226.0,110.0,240.0,219.0,250.0,109.0,191.0,292.0,229.0,297.0,229.0,192.0,103.0,276.0,337.0,297.0,358.0,281.0,206.0,217.0,233.0,291.0,317.0,235.0,322.0,275.0,156.0,274.0,326.0,305.0,422.0,424.0,461.0,330.0,331.0,486.0,703.0,596.0,580.0,427.0,214.0,398.0,524.0,453.0,392.0,433.0,342.0,241.0,296.0,303.0,346.0,77.0,489.0,193.0,161.0,231.0,223.0,156.0,79.0,154.0,302.0,66.0,193.0,152.0,135.0,144.0,123.0,105.0,39.0,98.0,111.0,91.0,92.0,97.0,78.0,17.0,65.0,110.0,89.0,64.0,53.0,41.0,4.0,52.0,54.0,43.0,44.0,35.0,47.0,3.0,32.0,44.0,35.0,37.0,29.0,30.0,14.0,39.0,22.0,19.0,16.0,41.0,27.0,4.0,21.0,31.0,21.0,20.0,30.0,18.0,6.0,11.0,17.0,14.0,19.0,17.0,24.0,6.0,30.0,21.0,14.0,15.0,17.0,11.0,3.0,16.0,15.0,4.0,6.0,15.0,11.0,6.0,8.0,13.0,13.0,8.0,12.0,9.0,3.0,17.0,24.0,28.0,13.0,22.0,23.0,9.0,40.0,30.0,50.0,51.0,43.0,53.0,24.0,95.0,95.0,71.0,77.0,109.0,98.0,21.0,135.0,85.0,82.0,112.0,114.0,142.0,63.0,153.0,162.0,162.0,158.0,167.0,170.0,42.0,202.0,127.0,162.0,223.0,195.0,168.0,46.0,172.0,29.0,165.0,172.0,188.0,241.0,79.0,348.0,217.0,230.0,218.0,171.0,218.0,66.0,345.0,249.0,121.0,270.0,263.0,232.0,146.0,302.0,194.0,477.0,197.0,118.0,199.0,82.0,284.0,256.0,250.0,193.0,182.0,199.0,60.0,283.0,259.0,159.0,163.0,193.0,176.0,38.0,181.0,252.0,141.0
KERBALA,KERBALA,0.0,0.0,0.0,0.0,0.0,0.0,1.0,0.0,1.0,0.0,0.0,1.0,0.0,0.0,0.0,1.0,0.0,0.0,1.0,1.0,0.0,0.0,2.0,0.0,3.0,0.0,0.0,1.0,2.0,2.0,6.0,5.0,0.0,3.0,11.0,3.0,11.0,4.0,7.0,0.0,0.0,4.0,2.0,0.0,3.0,1.0,3.0,2.0,0.0,0.0,0.0,3.0,1.0,1.0,0.0,0.0,0.0,0.0,0.0,0.0,2.0,0.0,0.0,0.0,1.0,1.0,0.0,0.0,3.0,0.0,0.0,13.0,3.0,0.0,0.0,0.0,0.0,0.0,1.0,0.0,0.0,0.0,0.0,16.0,2.0,0.0,1.0,0.0,3.0,3.0,18.0,1.0,6.0,3.0,22.0,28.0,20.0,0.0,11.0,31.0,11.0,50.0,31.0,34.0,28.0,47.0,25.0,24.0,33.0,38.0,43.0,38.0,27.0,40.0,68.0,44.0,67.0,100.0,44.0,82.0,54.0,55.0,113.0,67.0,92.0,65.0,84.0,119.0,115.0,145.0,122.0,114.0,146.0,138.0,75.0,125.0,141.0,80.0,121.0,119.0,103.0,129.0,122.0,118.0,141.0,137.0,161.0,171.0,187.0,185.0,176.0,187.0,208.0,240.0,263.0,195.0,231.0,250.0,275.0,264.0,294.0,300.0,296.0,285.0,244.0,252.0,239.0,239.0,299.0,278.0,287.0,285.0,257.0,325.0,295.0,243.0,235.0,218.0,278.0,336.0,304.0,221.0,291.0,239.0,335.0,260.0,293.0,250.0,269.0,251.0,220.0,250.0,150.0,243.0,271.0,201.0,194.0,227.0,248.0,199.0,166.0,164.0,48.0,169.0,219.0,165.0,156.0,131.0,123.0,49.0,108.0,120.0,154.0,131.0,86.0,99.0,19.0,68.0,117.0,80.0,56.0,87.0,47.0,66.0,120.0,106.0,97.0,92.0,28.0,57.0,33.0,21.0,47.0,43.0,50.0,47.0,19.0,22.0,25.0,23.0,23.0,27.0,23.0,32.0,36.0,42.0,57.0,41.0,35.0,20.0,23.0,21.0,27.0,61.0,32.0,48.0,21.0,22.0,20.0,12.0,51.0,23.0,40.0,21.0,29.0,22.0,20.0,22.0,21.0,19.0,13.0,25.0,11.0,12.0,19.0,36.0,9.0,26.0,9.0,13.0,12.0,27.0,11.0,26.0,15.0,7.0,9.0,10.0,6.0,24.0,15.0,14.0,9.0,8.0,6.0,31.0,23.0,20.0,16.0,16.0,9.0,5.0,7.0,68.0,6.0,1.0,7.0,9.0,5.0,7.0,6.0,7.0,10.0,3.0,11.0,35.0,16.0,21.0,40.0,26.0,19.0,31.0,21.0,42.0,34.0,25.0,41.0,42.0,18.0,41.0,23.0,74.0,88.0,84.0,96.0,99.0,58.0,89.0,39.0,96.0,73.0,138.0,53.0,109.0,103.0,134.0,106.0,132.0,192.0,87.0,241.0,240.0,316.0,336.0,326.0,417.0,335.0,387.0,325.0,498.0,302.0,390.0,339.0,444.0,439.0,266.0,340.0,266.0,293.0,205.0,128.0,131.0,228.0,243.0,269.0,250.0,295.0,141.0,145.0,275.0,192.0,393.0,265.0,300.0,170.0,140.0,236.0,330.0,204.0,233.0,194.0,182.0,109.0,49.0,186.0,309.0,220.0,173.0,182.0,106.0,163.0,260.0,208.0,173.0,241.0,109.0,115.0,211.0,248.0,173.0,197.0,152.0,95.0,96.0,130.0,274.0,193.0,203.0,97.0,98.0,105.0,141.0,271.0,192.0,186.0,229.0,41.0,91.0,203.0,142.0,192.0,159.0,148.0,65.0,20.0,195.0
KIRKUK,KIRKUK,0.0,4.0,0.0,1.0,0.0,0.0,0.0,0.0,0.0,0.0,0.0,0.0,0.0,0.0,0.0,1.0,0.0,0.0,0.0,0.0,0.0,0.0,0.0,0.0,0.0,0.0,0.0,0.0,0.0,0.0,1.0,1.0,1.0,1.0,0.0,0.0,1.0,0.0,5.0,0.0,0.0,5.0,0.0,0.0,1.0,1.0,0.0,5.0,1.0,0.0,2.0,0.0,0.0,0.0,0.0,0.0,0.0,0.0,0.0,0.0,0.0,0.0,0.0,0.0,2.0,0.0,7.0,7.0,1.0,5.0,0.0,12.0,0.0,5.0,0.0,0.0,0.0,0.0,0.0,0.0,0.0,0.0,1.0,0.0,0.0,0.0,1.0,0.0,0.0,0.0,0.0,0.0,0.0,3.0,1.0,3.0,0.0,7.0,0.0,0.0,35.0,11.0,28.0,13.0,3.0,13.0,7.0,17.0,16.0,33.0,47.0,69.0,28.0,35.0,43.0,52.0,67.0,58.0,49.0,39.0,50.0,123.0,60.0,61.0,48.0,29.0,50.0,53.0,75.0,97.0,76.0,61.0,41.0,88.0,66.0,117.0,113.0,152.0,138.0,86.0,89.0,115.0,158.0,129.0,82.0,176.0,96.0,106.0,129.0,136.0,132.0,137.0,138.0,102.0,132.0,143.0,99.0,158.0,117.0,45.0,102.0,65.0,128.0,75.0,211.0,78.0,293.0,150.0,161.0,222.0,220.0,244.0,235.0,184.0,157.0,106.0,140.0,148.0,213.0,217.0,117.0,96.0,159.0,238.0,191.0,151.0,165.0,135.0,118.0,126.0,122.0,128.0,187.0,180.0,157.0,112.0,107.0,117.0,115.0,196.0,172.0,63.0,93.0,60.0,98.0,150.0,117.0,150.0,75.0,75.0,118.0,161.0,117.0,134.0,131.0,74.0,83.0,75.0,156.0,164.0,132.0,127.0,90.0,122.0,74.0,169.0,138.0,123.0,159.0,15.0,93.0,112.0,141.0,113.0,131.0,107.0,15.0,106.0,149.0,131.0,97.0,170.0,163.0,23.0,156.0,175.0,164.0,155.0,175.0,96.0,27.0,151.0,151.0,224.0,213.0,203.0,212.0,100.0,125.0,247.0,209.0,134.0,232.0,227.0,194.0,108.0,192.0,255.0,221.0,235.0,248.0,275.0,140.0,246.0,469.0,465.0,528.0,395.0,194.0,227.0,302.0,408.0,457.0,261.0,340.0,424.0,285.0,363.0,391.0,306.0,159.0,394.0,157.0,238.0,309.0,291.0,271.0,324.0,251.0,183.0,221.0,270.0,118.0,185.0,214.0,140.0,175.0,171.0,119.0,148.0,145.0,108.0,139.0,141.0,25.0,105.0,157.0,125.0,164.0,100.0,177.0,172.0,107.0,79.0,52.0,105.0,81.0,43.0,97.0,96.0,71.0,59.0,55.0,43.0,113.0,54.0,81.0,48.0,77.0,61.0,59.0,30.0,59.0,41.0,64.0,35.0,59.0,50.0,41.0,26.0,35.0,35.0,42.0,45.0,52.0,21.0,27.0,50.0,22.0,29.0,73.0,49.0,21.0,41.0,75.0,53.0,53.0,59.0,27.0,35.0,40.0,54.0,47.0,40.0,60.0,59.0,30.0,41.0,50.0,71.0,48.0,51.0,61.0,36.0,57.0,54.0,61.0,43.0,62.0,60.0,91.0,61.0,58.0,82.0,90.0,122.0,81.0,58.0,88.0,111.0,121.0,125.0,110.0,173.0,122.0,77.0,123.0,170.0,161.0,215.0,167.0,213.0,63.0,218.0,251.0,159.0,181.0,202.0,187.0,185.0,62.0,86.0,109.0,162.0,66.0,93.0,69.0,153.0,145.0,165.0,160.0,153.0,127.0,115.0,127.0,143.0
MISSAN,MISSAN,0.0,0.0,0.0,0.0,0.0,0.0,1.0,0.0,0.0,0.0,0.0,0.0,0.0,1.0,0.0,0.0,0.0,0.0,0.0,0.0,1.0,0.0,0.0,0.0,0.0,0.0,0.0,0.0,0.0,0.0,0.0,0.0,0.0,0.0,0.0,1.0,0.0,0.0,0.0,0.0,0.0,0.0,0.0,0.0,0.0,0.0,0.0,0.0,0.0,1.0,0.0,0.0,4.0,0.0,0.0,0.0,0.0,0.0,0.0,1.0,0.0,0.0,2.0,0.0,0.0,0.0,2.0,7.0,0.0,0.0,0.0,1.0,0.0,0.0,9.0,1.0,11.0,0.0,0.0,0.0,5.0,1.0,1.0,0.0,0.0,0.0,0.0,1.0,0.0,0.0,1.0,0.0,0.0,1.0,3.0,4.0,13.0,31.0,38.0,34.0,35.0,42.0,11.0,17.0,39.0,82.0,23.0,34.0,76.0,51.0,102.0,79.0,73.0,100.0,140.0,134.0,110.0,62.0,106.0,148.0,105.0,136.0,162.0,215.0,174.0,105.0,124.0,102.0,93.0,95.0,110.0,105.0,100.0,67.0,89.0,90.0,90.0,76.0,88.0,23.0,20.0,123.0,72.0,69.0,65.0,42.0,61.0,53.0,54.0,72.0,54.0,60.0,56.0,79.0,83.0,52.0,92.0,81.0,94.0,34.0,55.0,87.0,135.0,104.0,96.0,126.0,87.0,147.0,132.0,188.0,128.0,160.0,170.0,120.0,91.0,142.0,186.0,175.0,145.0,149.0,81.0,132.0,135.0,156.0,96.0,242.0,166.0,138.0,137.0,71.0,149.0,163.0,174.0,160.0,159.0,152.0,185.0,158.0,170.0,186.0,116.0,162.0,143.0,157.0,168.0,173.0,180.0,177.0,93.0,145.0,158.0,170.0,142.0,173.0,87.0,83.0,133.0,139.0,54.0,84.0,180.0,121.0,125.0,105.0,80.0,143.0,130.0,71.0,7.0,60.0,71.0,73.0,202.0,69.0,123.0,118.0,87.0,52.0,118.0,155.0,129.0,125.0,120.0,35.0,69.0,146.0,91.0,130.0,101.0,70.0,17.0,62.0,98.0,78.0,77.0,68.0,64.0,10.0,81.0,87.0,75.0,59.0,53.0,46.0,10.0,38.0,73.0,50.0,35.0,29.0,31.0,7.0,13.0,34.0,30.0,21.0,32.0,25.0,10.0,14.0,22.0,16.0,11.0,4.0,35.0,12.0,24.0,16.0,3.0,11.0,16.0,13.0,15.0,12.0,6.0,10.0,3.0,12.0,8.0,1.0,5.0,8.0,7.0,7.0,3.0,5.0,4.0,11.0,5.0,5.0,4.0,8.0,8.0,1.0,2.0,1.0,10.0,1.0,2.0,2.0,4.0,5.0,15.0,6.0,7.0,6.0,1.0,7.0,2.0,6.0,7.0,3.0,3.0,6.0,2.0,2.0,13.0,6.0,5.0,1.0,11.0,3.0,10.0,12.0,11.0,23.0,5.0,16.0,6.0,1.0,17.0,33.0,25.0,35.0,25.0,9.0,25.0,61.0,39.0,44.0,55.0,46.0,23.0,56.0,59.0,56.0,64.0,87.0,88.0,21.0,57.0,82.0,115.0,117.0,168.0,118.0,106.0,98.0,93.0,174.0,164.0,105.0,178.0,136.0,90.0,231.0,196.0,191.0,244.0,248.0,257.0,189.0,200.0,207.0,239.0,440.0,382.0,268.0,200.0,237.0,294.0,272.0,389.0,272.0,419.0,252.0,355.0,328.0,375.0,445.0,416.0,363.0,258.0,375.0,359.0,445.0,359.0,345.0,405.0,528.0,311.0,577.0,508.0,427.0,455.0,465.0,256.0,212.0,461.0,359.0,410.0,350.0,331.0,220.0,215.0,346.0
MUTHANNA,MUTHANNA,0.0,0.0,0.0,0.0,0.0,0.0,0.0,0.0,0.0,0.0,0.0,0.0,0.0,0.0,0.0,0.0,0.0,0.0,0.0,0.0,0.0,0.0,0.0,0.0,1.0,1.0,2.0,1.0,0.0,0.0,1.0,0.0,0.0,4.0,0.0,12.0,0.0,3.0,0.0,1.0,1.0,5.0,0.0,2.0,0.0,0.0,1.0,1.0,0.0,0.0,0.0,0.0,2.0,0.0,0.0,0.0,8.0,2.0,0.0,1.0,3.0,2.0,7.0,7.0,5.0,3.0,7.0,0.0,1.0,8.0,2.0,3.0,1.0,0.0,0.0,0.0,0.0,0.0,0.0,2.0,0.0,0.0,0.0,3.0,3.0,0.0,0.0,0.0,6.0,5.0,0.0,0.0,0.0,0.0,5.0,3.0,9.0,21.0,13.0,8.0,18.0,19.0,13.0,15.0,12.0,13.0,3.0,7.0,11.0,0.0,0.0,1.0,0.0,2.0,6.0,0.0,0.0,26.0,0.0,21.0,0.0,30.0,20.0,23.0,23.0,11.0,20.0,5.0,111.0,41.0,48.0,25.0,40.0,86.0,43.0,46.0,100.0,45.0,14.0,29.0,23.0,34.0,46.0,55.0,57.0,66.0,166.0,78.0,104.0,97.0,72.0,36.0,70.0,87.0,100.0,116.0,96.0,107.0,135.0,62.0,19.0,71.0,55.0,68.0,39.0,109.0,63.0,88.0,40.0,106.0,140.0,152.0,79.0,169.0,169.0,127.0,182.0,178.0,173.0,153.0,166.0,78.0,76.0,53.0,278.0,224.0,136.0,239.0,187.0,142.0,220.0,174.0,309.0,181.0,245.0,104.0,179.0,236.0,174.0,242.0,321.0,70.0,146.0,62.0,0.0,87.0,98.0,134.0,159.0,59.0,88.0,107.0,155.0,134.0,79.0,89.0,98.0,137.0,105.0,52.0,49.0,47.0,18.0,27.0,25.0,31.0,39.0,14.0,26.0,2.0,25.0,14.0,43.0,55.0,64.0,31.0,18.0,34.0,36.0,41.0,39.0,55.0,47.0,0.0,43.0,35.0,13.0,62.0,20.0,32.0,4.0,4.0,26.0,30.0,22.0,29.0,29.0,18.0,15.0,27.0,21.0,13.0,7.0,11.0,11.0,14.0,9.0,18.0,4.0,3.0,20.0,9.0,7.0,20.0,12.0,3.0,15.0,8.0,8.0,10.0,14.0,21.0,7.0,4.0,10.0,11.0,13.0,3.0,7.0,7.0,2.0,1.0,0.0,5.0,6.0,8.0,7.0,5.0,8.0,4.0,4.0,0.0,13.0,1.0,9.0,12.0,3.0,16.0,9.0,8.0,23.0,27.0,8.0,8.0,14.0,5.0,8.0,12.0,5.0,7.0,0.0,13.0,5.0,14.0,9.0,1.0,11.0,2.0,4.0,5.0,10.0,5.0,10.0,8.0,2.0,2.0,2.0,24.0,6.0,9.0,14.0,16.0,6.0,16.0,32.0,14.0,25.0,15.0,20.0,21.0,19.0,27.0,52.0,24.0,74.0,20.0,25.0,22.0,98.0,93.0,91.0,71.0,55.0,116.0,128.0,60.0,34.0,56.0,88.0,60.0,47.0,58.0,89.0,91.0,103.0,93.0,32.0,106.0,111.0,63.0,109.0,35.0,157.0,81.0,49.0,37.0,11.0,79.0,121.0,145.0,148.0,165.0,162.0,98.0,258.0,101.0,92.0,81.0,84.0,65.0,63.0,66.0,57.0,63.0,46.0,64.0,126.0,71.0,88.0,103.0,50.0,52.0,131.0,64.0,127.0,124.0,106.0,57.0,19.0,105.0,97.0,101.0,116.0,121.0,99.0,31.0,77.0,90.0,60.0,80.0,88.0,36.0,37.0,34.0,70.0,69.0
NAJAF,NAJAF,1.0,1.0,0.0,0.0,0.0,0.0,0.0,0.0,0.0,0.0,0.0,0.0,1.0,1.0,2.0,0.0,1.0,1.0,1.0,0.0,2.0,2.0,0.0,0.0,6.0,1.0,2.0,1.0,2.0,12.0,4.0,5.0,17.0,10.0,5.0,20.0,23.0,1.0,10.0,10.0,33.0,6.0,4.0,44.0,24.0,1.0,3.0,2.0,0.0,2.0,0.0,0.0,0.0,14.0,7.0,1.0,1.0,0.0,3.0,9.0,5.0,0.0,0.0,1.0,1.0,0.0,1.0,1.0,0.0,0.0,0.0,2.0,0.0,0.0,0.0,0.0,0.0,0.0,0.0,0.0,0.0,0.0,0.0,0.0,3.0,1.0,2.0,3.0,1.0,1.0,0.0,2.0,5.0,5.0,2.0,5.0,2.0,7.0,6.0,21.0,19.0,18.0,21.0,47.0,28.0,50.0,87.0,101.0,14.0,83.0,49.0,81.0,82.0,35.0,64.0,109.0,75.0,77.0,83.0,67.0,76.0,96.0,60.0,112.0,132.0,108.0,87.0,84.0,165.0,68.0,96.0,247.0,159.0,88.0,43.0,126.0,88.0,194.0,180.0,188.0,132.0,134.0,123.0,85.0,47.0,89.0,133.0,177.0,283.0,64.0,67.0,125.0,100.0,31.0,66.0,63.0,76.0,57.0,128.0,67.0,56.0,127.0,129.0,181.0,290.0,139.0,269.0,137.0,192.0,244.0,154.0,295.0,222.0,290.0,401.0,174.0,199.0,265.0,157.0,302.0,275.0,207.0,228.0,121.0,110.0,299.0,280.0,291.0,334.0,272.0,229.0,207.0,181.0,178.0,240.0,139.0,370.0,323.0,101.0,135.0,87.0,277.0,65.0,254.0,162.0,96.0,223.0,99.0,106.0,206.0,134.0,175.0,104.0,163.0,126.0,71.0,45.0,105.0,128.0,100.0,74.0,42.0,77.0,66.0,32.0,70.0,60.0,13.0,51.0,27.0,95.0,73.0,62.0,86.0,45.0,102.0,6.0,93.0,98.0,128.0,119.0,35.0,107.0,35.0,38.0,85.0,101.0,108.0,104.0,38.0,28.0,48.0,58.0,99.0,96.0,79.0,61.0,28.0,43.0,52.0,58.0,32.0,58.0,48.0,35.0,32.0,9.0,94.0,27.0,17.0,63.0,114.0,56.0,24.0,47.0,24.0,28.0,45.0,40.0,48.0,80.0,43.0,29.0,27.0,34.0,27.0,37.0,34.0,80.0,36.0,57.0,36.0,62.0,21.0,23.0,62.0,38.0,35.0,51.0,55.0,35.0,38.0,40.0,39.0,21.0,24.0,35.0,14.0,20.0,23.0,27.0,18.0,13.0,20.0,19.0,15.0,4.0,12.0,34.0,19.0,18.0,7.0,18.0,43.0,19.0,16.0,29.0,3.0,21.0,10.0,34.0,24.0,25.0,48.0,30.0,32.0,59.0,45.0,89.0,105.0,68.0,34.0,30.0,96.0,94.0,118.0,89.0,268.0,312.0,261.0,183.0,262.0,318.0,248.0,340.0,129.0,229.0,267.0,446.0,405.0,520.0,470.0,547.0,448.0,492.0,668.0,519.0,586.0,508.0,424.0,393.0,278.0,568.0,674.0,465.0,553.0,234.0,360.0,555.0,478.0,575.0,615.0,539.0,455.0,470.0,479.0,466.0,491.0,352.0,427.0,291.0,387.0,264.0,452.0,348.0,455.0,330.0,341.0,216.0,373.0,292.0,279.0,240.0,308.0,189.0,261.0,262.0,306.0,293.0,219.0,212.0,246.0,242.0,269.0,323.0,269.0,260.0,286.0,250.0,243.0,194.0,203.0,308.0,246.0,227.0,188.0,277.0,237.0,273.0,286.0,231.0,236.0,233.0,135.0,198.0,226.0
NINEWA,NINEWA,0.0,0.0,0.0,0.0,0.0,0.0,0.0,0.0,0.0,0.0,0.0,0.0,0.0,0.0,0.0,0.0,0.0,0.0,0.0,0.0,0.0,0.0,0.0,0.0,0.0,0.0,0.0,0.0,1.0,4.0,0.0,0.0,0.0,0.0,0.0,0.0,0.0,0.0,0.0,0.0,0.0,0.0,0.0,0.0,0.0,0.0,0.0,0.0,0.0,0.0,0.0,0.0,1.0,0.0,0.0,0.0,0.0,0.0,0.0,0.0,0.0,0.0,0.0,0.0,0.0,0.0,0.0,0.0,0.0,0.0,0.0,0.0,0.0,0.0,0.0,0.0,0.0,0.0,0.0,2.0,1.0,0.0,1.0,0.0,1.0,0.0,0.0,0.0,1.0,0.0,0.0,22.0,9.0,0.0,0.0,1.0,1.0,0.0,6.0,1.0,0.0,0.0,1.0,0.0,3.0,4.0,0.0,4.0,9.0,4.0,3.0,4.0,4.0,11.0,8.0,19.0,8.0,10.0,11.0,11.0,5.0,40.0,14.0,7.0,14.0,9.0,12.0,9.0,20.0,6.0,0.0,0.0,16.0,15.0,15.0,15.0,22.0,23.0,22.0,13.0,22.0,0.0,0.0,24.0,18.0,30.0,24.0,31.0,37.0,39.0,28.0,28.0,45.0,41.0,67.0,70.0,78.0,36.0,96.0,1.0,175.0,132.0,112.0,145.0,144.0,297.0,121.0,93.0,320.0,122.0,73.0,315.0,106.0,55.0,250.0,74.0,104.0,87.0,363.0,104.0,84.0,128.0,95.0,251.0,150.0,141.0,166.0,350.0,128.0,109.0,95.0,140.0,82.0,315.0,125.0,150.0,92.0,102.0,152.0,113.0,85.0,97.0,90.0,187.0,283.0,80.0,122.0,124.0,150.0,108.0,126.0,127.0,125.0,94.0,122.0,167.0,150.0,128.0,157.0,89.0,96.0,86.0,141.0,129.0,144.0,178.0,209.0,160.0,113.0,134.0,122.0,104.0,150.0,154.0,118.0,150.0,149.0,205.0,140.0,153.0,137.0,209.0,133.0,138.0,127.0,201.0,242.0,151.0,159.0,88.0,101.0,93.0,109.0,150.0,206.0,114.0,300.0,0.0,0.0,55.0,403.0,231.0,169.0,113.0,150.0,196.0,107.0,260.0,262.0,141.0,111.0,169.0,103.0,122.0,111.0,194.0,206.0,166.0,201.0,187.0,234.0,214.0,96.0,287.0,307.0,221.0,228.0,245.0,383.0,203.0,227.0,134.0,137.0,109.0,117.0,102.0,133.0,225.0,182.0,289.0,148.0,102.0,82.0,162.0,92.0,117.0,79.0,116.0,148.0,111.0,72.0,112.0,140.0,164.0,228.0,65.0,51.0,65.0,45.0,74.0,92.0,23.0,20.0,29.0,92.0,61.0,46.0,33.0,37.0,22.0,27.0,29.0,90.0,28.0,16.0,23.0,3.0,11.0,23.0,23.0,42.0,40.0,38.0,18.0,63.0,31.0,30.0,28.0,33.0,21.0,8.0,20.0,13.0,34.0,8.0,6.0,30.0,4.0,25.0,17.0,25.0,66.0,17.0,9.0,10.0,14.0,25.0,9.0,26.0,12.0,18.0,9.0,39.0,17.0,20.0,47.0,37.0,14.0,11.0,9.0,18.0,16.0,11.0,13.0,13.0,8.0,17.0,12.0,20.0,5.0,26.0,19.0,24.0,15.0,22.0,17.0,45.0,18.0,30.0,18.0,26.0,67.0,28.0,22.0,27.0,50.0,32.0,23.0,83.0,67.0,68.0,73.0,40.0,63.0,90.0,73.0,61.0,74.0,63.0,61.0,67.0,59.0,51.0,42.0,73.0,106.0,64.0,65.0,33.0,66.0,114.0,87.0,61.0,74.0,167.0,90.0
SALAH AL-DIN,SALAH AL-DIN,0.0,0.0,0.0,0.0,0.0,0.0,0.0,0.0,0.0,0.0,0.0,0.0,0.0,0.0,0.0,0.0,0.0,0.0,0.0,0.0,0.0,0.0,0.0,0.0,0.0,0.0,0.0,0.0,0.0,0.0,0.0,0.0,0.0,0.0,0.0,0.0,0.0,0.0,0.0,0.0,0.0,0.0,0.0,0.0,0.0,1.0,0.0,0.0,0.0,0.0,0.0,0.0,0.0,0.0,0.0,0.0,0.0,0.0,0.0,1.0,1.0,0.0,1.0,0.0,0.0,0.0,0.0,0.0,2.0,0.0,0.0,0.0,0.0,0.0,2.0,1.0,0.0,0.0,0.0,0.0,0.0,0.0,0.0,0.0,0.0,0.0,1.0,0.0,0.0,1.0,3.0,0.0,2.0,2.0,1.0,2.0,0.0,0.0,0.0,0.0,0.0,2.0,5.0,2.0,25.0,17.0,15.0,11.0,9.0,0.0,16.0,12.0,0.0,0.0,0.0,7.0,15.0,56.0,4.0,11.0,26.0,28.0,17.0,72.0,7.0,4.0,50.0,14.0,38.0,190.0,85.0,98.0,91.0,73.0,426.0,134.0,21.0,25.0,148.0,55.0,13.0,33.0,42.0,65.0,141.0,58.0,56.0,9.0,86.0,80.0,31.0,100.0,34.0,11.0,109.0,55.0,76.0,20.0,24.0,99.0,31.0,17.0,62.0,43.0,113.0,53.0,97.0,21.0,63.0,57.0,60.0,163.0,74.0,120.0,108.0,73.0,36.0,36.0,27.0,83.0,28.0,47.0,38.0,46.0,49.0,122.0,146.0,13.0,27.0,153.0,10.0,96.0,132.0,136.0,135.0,11.0,188.0,117.0,18.0,82.0,38.0,145.0,0.0,75.0,87.0,61.0,213.0,50.0,7.0,42.0,80.0,211.0,158.0,48.0,206.0,8.0,11.0,125.0,146.0,41.0,17.0,25.0,27.0,6.0,81.0,58.0,126.0,79.0,27.0,68.0,29.0,63.0,137.0,133.0,86.0,98.0,46.0,59.0,181.0,53.0,152.0,77.0,165.0,81.0,77.0,118.0,212.0,106.0,161.0,116.0,31.0,122.0,112.0,109.0,120.0,159.0,158.0,42.0,63.0,123.0,220.0,234.0,151.0,75.0,68.0,60.0,107.0,79.0,147.0,46.0,88.0,52.0,54.0,38.0,56.0,270.0,128.0,225.0,34.0,75.0,104.0,51.0,119.0,81.0,125.0,98.0,78.0,40.0,87.0,54.0,27.0,41.0,51.0,27.0,31.0,42.0,38.0,15.0,40.0,49.0,10.0,21.0,55.0,48.0,31.0,19.0,39.0,16.0,7.0,30.0,36.0,8.0,30.0,43.0,2.0,9.0,9.0,13.0,3.0,23.0,19.0,8.0,14.0,9.0,9.0,18.0,22.0,36.0,7.0,12.0,2.0,1.0,7.0,10.0,15.0,18.0,4.0,23.0,13.0,3.0,6.0,1.0,21.0,3.0,1.0,20.0,34.0,4.0,30.0,1.0,8.0,14.0,16.0,43.0,8.0,3.0,9.0,31.0,21.0,36.0,59.0,37.0,9.0,21.0,20.0,27.0,51.0,80.0,33.0,36.0,54.0,66.0,53.0,59.0,62.0,35.0,128.0,45.0,75.0,69.0,108.0,156.0,64.0,48.0,139.0,64.0,102.0,117.0,95.0,82.0,87.0,84.0,86.0,69.0,40.0,73.0,79.0,90.0,75.0,103.0,81.0,88.0,75.0,106.0,107.0,66.0,143.0,105.0,84.0,80.0,135.0,133.0,115.0,101.0,171.0,100.0,130.0,148.0,154.0,103.0,156.0,158.0,97.0,154.0,173.0,151.0,173.0,98.0,171.0,216.0,144.0,136.0,176.0,176.0,119.0,116.0
SULAYMANIYAH,SULAYMANIYAH,0.0,0.0,0.0,0.0,0.0,4.0,0.0,0.0,1.0,3.0,0.0,0.0,2.0,1.0,0.0,0.0,0.0,0.0,8.0,0.0,6.0,3.0,3.0,0.0,0.0,7.0,6.0,10.0,9.0,5.0,1.0,0.0,2.0,1.0,14.0,11.0,5.0,11.0,10.0,4.0,1.0,1.0,3.0,3.0,2.0,1.0,5.0,1.0,2.0,0.0,1.0,1.0,3.0,2.0,0.0,0.0,0.0,0.0,0.0,0.0,1.0,2.0,0.0,3.0,0.0,0.0,1.0,0.0,0.0,0.0,0.0,0.0,0.0,0.0,0.0,0.0,0.0,0.0,0.0,0.0,1.0,5.0,0.0,7.0,9.0,1.0,9.0,3.0,5.0,7.0,8.0,10.0,0.0,1.0,16.0,22.0,6.0,24.0,102.0,28.0,46.0,57.0,87.0,45.0,91.0,85.0,93.0,113.0,58.0,117.0,82.0,51.0,169.0,132.0,152.0,136.0,173.0,185.0,245.0,257.0,262.0,229.0,173.0,162.0,255.0,289.0,95.0,146.0,181.0,179.0,177.0,143.0,176.0,234.0,172.0,284.0,208.0,189.0,131.0,155.0,159.0,167.0,131.0,156.0,121.0,108.0,100.0,117.0,94.0,140.0,130.0,141.0,107.0,128.0,110.0,77.0,139.0,117.0,90.0,27.0,26.0,50.0,44.0,56.0,85.0,171.0,104.0,97.0,198.0,167.0,108.0,103.0,173.0,148.0,106.0,134.0,251.0,150.0,159.0,142.0,117.0,140.0,132.0,140.0,109.0,111.0,131.0,126.0,161.0,179.0,175.0,147.0,138.0,164.0,132.0,117.0,158.0,217.0,141.0,138.0,187.0,111.0,130.0,291.0,168.0,240.0,169.0,161.0,122.0,143.0,158.0,173.0,345.0,176.0,191.0,140.0,149.0,160.0,140.0,152.0,118.0,193.0,128.0,127.0,140.0,166.0,225.0,247.0,299.0,266.0,226.0,183.0,353.0,239.0,332.0,259.0,202.0,240.0,300.0,260.0,185.0,421.0,167.0,147.0,175.0,345.0,243.0,243.0,265.0,244.0,174.0,272.0,227.0,309.0,287.0,311.0,249.0,194.0,270.0,294.0,212.0,280.0,271.0,247.0,152.0,219.0,216.0,242.0,146.0,193.0,230.0,119.0,189.0,158.0,196.0,156.0,113.0,154.0,81.0,101.0,133.0,128.0,106.0,86.0,102.0,54.0,78.0,79.0,100.0,65.0,65.0,57.0,46.0,50.0,44.0,44.0,53.0,65.0,54.0,46.0,37.0,37.0,46.0,41.0,38.0,39.0,28.0,37.0,45.0,32.0,40.0,51.0,25.0,7.0,50.0,21.0,36.0,25.0,36.0,19.0,9.0,37.0,36.0,53.0,22.0,19.0,23.0,4.0,68.0,31.0,44.0,15.0,26.0,30.0,8.0,29.0,31.0,20.0,25.0,18.0,15.0,6.0,23.0,49.0,17.0,12.0,20.0,13.0,5.0,13.0,22.0,20.0,22.0,21.0,33.0,7.0,50.0,17.0,54.0,30.0,22.0,44.0,16.0,33.0,33.0,23.0,28.0,40.0,54.0,22.0,81.0,56.0,59.0,53.0,46.0,51.0,41.0,84.0,93.0,73.0,93.0,119.0,103.0,7.0,156.0,141.0,109.0,149.0,139.0,144.0,12.0,160.0,28.0,149.0,207.0,197.0,170.0,16.0,381.0,261.0,227.0,314.0,262.0,251.0,5.0,433.0,277.0,279.0,444.0,404.0,399.0,70.0,494.0,409.0,572.0,421.0,403.0,381.0,76.0,559.0,415.0,484.0,338.0,371.0,364.0,85.0,400.0,333.0,455.0,392.0,354.0,328.0,54.0,407.0,351.0,287.0
THI-QAR,THI-QAR,0.0,0.0,0.0,0.0,0.0,0.0,0.0,0.0,0.0,0.0,0.0,0.0,0.0,1.0,0.0,0.0,0.0,0.0,0.0,1.0,0.0,0.0,0.0,0.0,0.0,0.0,0.0,0.0,0.0,0.0,0.0,1.0,0.0,1.0,0.0,1.0,1.0,0.0,0.0,12.0,0.0,1.0,7.0,5.0,10.0,2.0,0.0,3.0,0.0,2.0,1.0,3.0,0.0,0.0,0.0,1.0,1.0,0.0,6.0,0.0,0.0,3.0,0.0,0.0,0.0,0.0,2.0,0.0,0.0,0.0,3.0,0.0,0.0,0.0,2.0,0.0,2.0,0.0,0.0,0.0,0.0,0.0,5.0,0.0,0.0,0.0,3.0,0.0,12.0,0.0,4.0,1.0,1.0,1.0,4.0,31.0,0.0,2.0,0.0,0.0,28.0,12.0,50.0,81.0,68.0,38.0,32.0,99.0,8.0,48.0,68.0,122.0,103.0,109.0,76.0,20.0,63.0,48.0,164.0,231.0,225.0,136.0,262.0,117.0,157.0,282.0,200.0,340.0,252.0,123.0,118.0,132.0,357.0,183.0,162.0,113.0,49.0,78.0,236.0,144.0,199.0,82.0,191.0,132.0,51.0,56.0,38.0,37.0,57.0,35.0,43.0,64.0,70.0,96.0,42.0,108.0,51.0,64.0,76.0,24.0,41.0,59.0,41.0,56.0,67.0,114.0,34.0,86.0,118.0,119.0,125.0,196.0,205.0,98.0,135.0,133.0,153.0,217.0,188.0,264.0,280.0,199.0,213.0,253.0,270.0,113.0,186.0,266.0,242.0,211.0,245.0,204.0,226.0,245.0,298.0,344.0,254.0,286.0,271.0,284.0,388.0,280.0,295.0,300.0,247.0,248.0,268.0,227.0,249.0,289.0,247.0,289.0,357.0,102.0,148.0,225.0,211.0,119.0,289.0,399.0,427.0,403.0,333.0,262.0,285.0,355.0,90.0,27.0,18.0,0.0,59.0,59.0,38.0,90.0,33.0,61.0,37.0,82.0,39.0,100.0,59.0,44.0,26.0,62.0,36.0,23.0,39.0,32.0,36.0,12.0,18.0,20.0,32.0,22.0,18.0,30.0,17.0,27.0,18.0,13.0,25.0,29.0,34.0,5.0,12.0,10.0,21.0,29.0,28.0,16.0,11.0,15.0,32.0,39.0,47.0,36.0,26.0,31.0,38.0,18.0,14.0,20.0,78.0,65.0,40.0,17.0,9.0,18.0,23.0,92.0,24.0,10.0,14.0,0.0,15.0,7.0,11.0,13.0,11.0,15.0,9.0,10.0,1.0,10.0,9.0,16.0,4.0,4.0,5.0,4.0,1.0,4.0,4.0,2.0,3.0,0.0,6.0,11.0,5.0,6.0,12.0,9.0,5.0,8.0,7.0,9.0,11.0,15.0,11.0,10.0,9.0,19.0,12.0,13.0,17.0,18.0,25.0,24.0,31.0,17.0,20.0,36.0,29.0,25.0,47.0,27.0,37.0,116.0,93.0,84.0,82.0,79.0,59.0,109.0,176.0,203.0,180.0,185.0,161.0,243.0,351.0,322.0,254.0,264.0,182.0,319.0,202.0,211.0,185.0,164.0,114.0,144.0,168.0,150.0,212.0,144.0,150.0,152.0,173.0,198.0,215.0,202.0,171.0,109.0,110.0,154.0,261.0,211.0,158.0,199.0,74.0,173.0,102.0,202.0,278.0,190.0,253.0,101.0,180.0,209.0,182.0,232.0,189.0,188.0,91.0,165.0,216.0,220.0,213.0,239.0,303.0,107.0,155.0,268.0,245.0,244.0,209.0,234.0,77.0,162.0,227.0,294.0,185.0,270.0,199.0,87.0,137.0,183.0,221.0,137.0,152.0,146.0,74.0,53.0,105.0,141.0
WASSIT,WASSIT,0.0,0.0,0.0,0.0,0.0,0.0,0.0,0.0,2.0,0.0,1.0,0.0,0.0,0.0,0.0,0.0,0.0,0.0,1.0,1.0,0.0,0.0,0.0,0.0,1.0,0.0,0.0,0.0,0.0,0.0,0.0,2.0,0.0,1.0,1.0,0.0,0.0,1.0,0.0,0.0,0.0,0.0,0.0,1.0,1.0,1.0,10.0,2.0,0.0,3.0,2.0,0.0,1.0,0.0,1.0,1.0,0.0,0.0,0.0,0.0,0.0,0.0,0.0,0.0,0.0,1.0,0.0,0.0,1.0,0.0,0.0,0.0,0.0,0.0,0.0,1.0,0.0,0.0,0.0,0.0,1.0,0.0,0.0,9.0,3.0,0.0,2.0,1.0,0.0,6.0,0.0,0.0,3.0,4.0,6.0,7.0,32.0,7.0,41.0,0.0,0.0,31.0,42.0,46.0,97.0,107.0,13.0,37.0,233.0,115.0,138.0,39.0,30.0,56.0,94.0,118.0,103.0,146.0,209.0,91.0,38.0,189.0,220.0,163.0,59.0,76.0,56.0,39.0,123.0,56.0,92.0,221.0,86.0,47.0,27.0,144.0,137.0,496.0,139.0,134.0,55.0,206.0,187.0,128.0,154.0,167.0,146.0,44.0,159.0,255.0,158.0,105.0,226.0,138.0,95.0,160.0,170.0,98.0,119.0,143.0,84.0,52.0,106.0,115.0,74.0,152.0,196.0,106.0,117.0,117.0,202.0,172.0,252.0,264.0,176.0,207.0,287.0,264.0,236.0,251.0,201.0,146.0,218.0,246.0,229.0,240.0,273.0,307.0,246.0,143.0,99.0,207.0,333.0,366.0,359.0,305.0,296.0,356.0,292.0,301.0,345.0,362.0,270.0,270.0,365.0,311.0,264.0,380.0,284.0,288.0,225.0,430.0,416.0,446.0,376.0,402.0,295.0,383.0,301.0,422.0,375.0,393.0,258.0,155.0,156.0,183.0,320.0,234.0,127.0,120.0,127.0,135.0,278.0,295.0,218.0,201.0,223.0,169.0,153.0,241.0,224.0,170.0,143.0,209.0,134.0,178.0,166.0,169.0,132.0,117.0,159.0,48.0,73.0,80.0,147.0,143.0,96.0,98.0,59.0,50.0,56.0,111.0,98.0,80.0,92.0,62.0,59.0,71.0,54.0,49.0,109.0,39.0,73.0,69.0,81.0,45.0,95.0,128.0,54.0,71.0,37.0,40.0,28.0,57.0,28.0,23.0,31.0,42.0,40.0,47.0,20.0,26.0,24.0,45.0,24.0,30.0,21.0,20.0,27.0,26.0,27.0,30.0,24.0,37.0,15.0,49.0,34.0,32.0,35.0,56.0,21.0,28.0,13.0,34.0,17.0,12.0,21.0,8.0,12.0,40.0,15.0,20.0,20.0,30.0,35.0,24.0,33.0,30.0,18.0,27.0,83.0,67.0,44.0,21.0,32.0,28.0,41.0,14.0,77.0,69.0,54.0,42.0,45.0,50.0,24.0,66.0,53.0,44.0,45.0,120.0,133.0,120.0,113.0,170.0,126.0,94.0,95.0,187.0,305.0,147.0,238.0,237.0,172.0,98.0,178.0,129.0,202.0,245.0,199.0,212.0,197.0,145.0,349.0,278.0,179.0,168.0,238.0,131.0,205.0,225.0,260.0,222.0,153.0,264.0,267.0,125.0,282.0,282.0,454.0,317.0,238.0,276.0,239.0,328.0,373.0,414.0,441.0,178.0,335.0,376.0,402.0,280.0,392.0,328.0,525.0,484.0,418.0,526.0,534.0,538.0,420.0,481.0,439.0,618.0,562.0,571.0,539.0,424.0,341.0,250.0,404.0,427.0,557.0,547.0,461.0,416.0,263.0,240.0,462.0,285.0,320.0,264.0,271.0,310.0,200.0,168.0
